c53af417-294d-47e8-9ca0-bd6d0c4ac80c,Monthly Outgoing Longwave Radiation (OLR) -- Global,cdi
c53af417-294d-47e8-9ca0-bd6d0c4ac80c,Monthly Outgoing Longwave Radiation (OLR) -- Global,observed
c53af417-294d-47e8-9ca0-bd6d0c4ac80c,Monthly Outgoing Longwave Radiation (OLR) -- Global,global
c53af417-294d-47e8-9ca0-bd6d0c4ac80c,Monthly Outgoing Longwave Radiation (OLR) -- Global,coasts
c53af417-294d-47e8-9ca0-bd6d0c4ac80c,Monthly Outgoing Longwave Radiation (OLR) -- Global,energy
c53af417-294d-47e8-9ca0-bd6d0c4ac80c,Monthly Outgoing Longwave Radiation (OLR) -- Global,flooding
c53af417-294d-47e8-9ca0-bd6d0c4ac80c,Monthly Outgoing Longwave Radiation (OLR) -- Global,weather-climate
c53af417-294d-47e8-9ca0-bd6d0c4ac80c,Monthly Outgoing Longwave Radiation (OLR) -- Global,cdi,observed,global,coasts,energy,flooding,weather-climate
23dc45c4-a1fe-4e31-8f61-9e3de65a0f47,Brightness Temperature (HIRS Channel 12) -- Global,cdi
23dc45c4-a1fe-4e31-8f61-9e3de65a0f47,Brightness Temperature (HIRS Channel 12) -- Global,observed
23dc45c4-a1fe-4e31-8f61-9e3de65a0f47,Brightness Temperature (HIRS Channel 12) -- Global,global
23dc45c4-a1fe-4e31-8f61-9e3de65a0f47,Brightness Temperature (HIRS Channel 12) -- Global,water
23dc45c4-a1fe-4e31-8f61-9e3de65a0f47,Brightness Temperature (HIRS Channel 12) -- Global,cdi,observed,global,water
4a24953a-b84b-45b9-8dd3-37b9b91b5483,Daily Outgoing Longwave Radiation (OLR) -- Global,cdi
4a24953a-b84b-45b9-8dd3-37b9b91b5483,Daily Outgoing Longwave Radiation (OLR) -- Global,observed
4a24953a-b84b-45b9-8dd3-37b9b91b5483,Daily Outgoing Longwave Radiation (OLR) -- Global,global
4a24953a-b84b-45b9-8dd3-37b9b91b5483,Daily Outgoing Longwave Radiation (OLR) -- Global,coasts
4a24953a-b84b-45b9-8dd3-37b9b91b5483,Daily Outgoing Longwave Radiation (OLR) -- Global,energy
4a24953a-b84b-45b9-8dd3-37b9b91b5483,Daily Outgoing Longwave Radiation (OLR) -- Global,flooding
4a24953a-b84b-45b9-8dd3-37b9b91b5483,Daily Outgoing Longwave Radiation (OLR) -- Global,weather-climate
4a24953a-b84b-45b9-8dd3-37b9b91b5483,Daily Outgoing Longwave Radiation (OLR) -- Global,noaa
4a24953a-b84b-45b9-8dd3-37b9b91b5483,Daily Outgoing Longwave Radiation (OLR) -- Global,cdi,observed,global,coasts,energy,flooding,weather-climate,noaa
a65ed98a-6370-4791-bc29-602f1185e349,PERSIANN Precipitation Estimation -- Global,cdi
a65ed98a-6370-4791-bc29-602f1185e349,PERSIANN Precipitation Estimation -- Global,observed
a65ed98a-6370-4791-bc29-602f1185e349,PERSIANN Precipitation Estimation -- Global,global
a65ed98a-6370-4791-bc29-602f1185e349,PERSIANN Precipitation Estimation -- Global,ecosystems
a65ed98a-6370-4791-bc29-602f1185e349,PERSIANN Precipitation Estimation -- Global,health
a65ed98a-6370-4791-bc29-602f1185e349,PERSIANN Precipitation Estimation -- Global,water
a65ed98a-6370-4791-bc29-602f1185e349,PERSIANN Precipitation Estimation -- Global,weather-climate
a65ed98a-6370-4791-bc29-602f1185e349,PERSIANN Precipitation Estimation -- Global,cdi,observed,global,ecosystems,health,water,weather-climate
e663eb09-04de-4f39-b871-35c6c2ed10b5,Global Land Analysis and Discovery,tropic
e663eb09-04de-4f39-b871-35c6c2ed10b5,Global Land Analysis and Discovery,boreal
e663eb09-04de-4f39-b871-35c6c2ed10b5,Global Land Analysis and Discovery,Brazil
e663eb09-04de-4f39-b871-35c6c2ed10b5,Global Land Analysis and Discovery,Peru
e663eb09-04de-4f39-b871-35c6c2ed10b5,Global Land Analysis and Discovery,Burundi
e663eb09-04de-4f39-b871-35c6c2ed10b5,Global Land Analysis and Discovery,Cameroon
e663eb09-04de-4f39-b871-35c6c2ed10b5,Global Land Analysis and Discovery,Central_African_Republic
e663eb09-04de-4f39-b871-35c6c2ed10b5,Global Land Analysis and Discovery,Democratic_Republic_of_the_Congo
e663eb09-04de-4f39-b871-35c6c2ed10b5,Global Land Analysis and Discovery,Equatorial_Guinea
e663eb09-04de-4f39-b871-35c6c2ed10b5,Global Land Analysis and Discovery,Gabon
e663eb09-04de-4f39-b871-35c6c2ed10b5,Global Land Analysis and Discovery,Republic_of_the_Congo
e663eb09-04de-4f39-b871-35c6c2ed10b5,Global Land Analysis and Discovery,Rwanda
e663eb09-04de-4f39-b871-35c6c2ed10b5,Global Land Analysis and Discovery,Uganda
e663eb09-04de-4f39-b871-35c6c2ed10b5,Global Land Analysis and Discovery,Brunei
e663eb09-04de-4f39-b871-35c6c2ed10b5,Global Land Analysis and Discovery,Indonesia
e663eb09-04de-4f39-b871-35c6c2ed10b5,Global Land Analysis and Discovery,Malaysia
e663eb09-04de-4f39-b871-35c6c2ed10b5,Global Land Analysis and Discovery,Papua_New_Guinea
e663eb09-04de-4f39-b871-35c6c2ed10b5,Global Land Analysis and Discovery,Timor_Leste
e663eb09-04de-4f39-b871-35c6c2ed10b5,Global Land Analysis and Discovery,Russia
e663eb09-04de-4f39-b871-35c6c2ed10b5,Global Land Analysis and Discovery,raster
e663eb09-04de-4f39-b871-35c6c2ed10b5,Global Land Analysis and Discovery,geospatial
e663eb09-04de-4f39-b871-35c6c2ed10b5,Global Land Analysis and Discovery,weekly
e663eb09-04de-4f39-b871-35c6c2ed10b5,Global Land Analysis and Discovery,planet_pulse
e663eb09-04de-4f39-b871-35c6c2ed10b5,Global Land Analysis and Discovery,explore
e663eb09-04de-4f39-b871-35c6c2ed10b5,Global Land Analysis and Discovery,alert
e663eb09-04de-4f39-b871-35c6c2ed10b5,Global Land Analysis and Discovery,forest
e663eb09-04de-4f39-b871-35c6c2ed10b5,Global Land Analysis and Discovery,forest_loss
e663eb09-04de-4f39-b871-35c6c2ed10b5,Global Land Analysis and Discovery,deforestation
e663eb09-04de-4f39-b871-35c6c2ed10b5,Global Land Analysis and Discovery,degradation
d02df2f6-d80c-4274-bb6f-f062061655c4,Estimated CO2 emission,global
d02df2f6-d80c-4274-bb6f-f062061655c4,Estimated CO2 emission,table
d02df2f6-d80c-4274-bb6f-f062061655c4,Estimated CO2 emission,explore
d02df2f6-d80c-4274-bb6f-f062061655c4,Estimated CO2 emission,climate
d02df2f6-d80c-4274-bb6f-f062061655c4,Estimated CO2 emission,carbon_dioxide
d02df2f6-d80c-4274-bb6f-f062061655c4,Estimated CO2 emission,temperature
d02df2f6-d80c-4274-bb6f-f062061655c4,Estimated CO2 emission,climate_change
d02df2f6-d80c-4274-bb6f-f062061655c4,Estimated CO2 emission,emissions
d02df2f6-d80c-4274-bb6f-f062061655c4,Estimated CO2 emission,vulnerability
c465b42e-8c22-4dcb-9838-f6447393e28d,Worldwide CO2 Emission in 2011 referenced to average CO2 Emission of the last 10 years,global
c465b42e-8c22-4dcb-9838-f6447393e28d,Worldwide CO2 Emission in 2011 referenced to average CO2 Emission of the last 10 years,table
c465b42e-8c22-4dcb-9838-f6447393e28d,Worldwide CO2 Emission in 2011 referenced to average CO2 Emission of the last 10 years,explore
c465b42e-8c22-4dcb-9838-f6447393e28d,Worldwide CO2 Emission in 2011 referenced to average CO2 Emission of the last 10 years,climate
c465b42e-8c22-4dcb-9838-f6447393e28d,Worldwide CO2 Emission in 2011 referenced to average CO2 Emission of the last 10 years,carbon_dioxide
c465b42e-8c22-4dcb-9838-f6447393e28d,Worldwide CO2 Emission in 2011 referenced to average CO2 Emission of the last 10 years,temperature
c465b42e-8c22-4dcb-9838-f6447393e28d,Worldwide CO2 Emission in 2011 referenced to average CO2 Emission of the last 10 years,climate_change
c465b42e-8c22-4dcb-9838-f6447393e28d,Worldwide CO2 Emission in 2011 referenced to average CO2 Emission of the last 10 years,emissions
c465b42e-8c22-4dcb-9838-f6447393e28d,Worldwide CO2 Emission in 2011 referenced to average CO2 Emission of the last 10 years,vulnerability
11de2bc1-368b-42ed-a207-aaff8ece752b,Total CO2 emissions by year (Filtered),global
11de2bc1-368b-42ed-a207-aaff8ece752b,Total CO2 emissions by year (Filtered),table
11de2bc1-368b-42ed-a207-aaff8ece752b,Total CO2 emissions by year (Filtered),explore
11de2bc1-368b-42ed-a207-aaff8ece752b,Total CO2 emissions by year (Filtered),climate
11de2bc1-368b-42ed-a207-aaff8ece752b,Total CO2 emissions by year (Filtered),carbon_dioxide
11de2bc1-368b-42ed-a207-aaff8ece752b,Total CO2 emissions by year (Filtered),temperature
11de2bc1-368b-42ed-a207-aaff8ece752b,Total CO2 emissions by year (Filtered),climate_change
11de2bc1-368b-42ed-a207-aaff8ece752b,Total CO2 emissions by year (Filtered),emissions
11de2bc1-368b-42ed-a207-aaff8ece752b,Total CO2 emissions by year (Filtered),vulnerability
f2fe7588-6d1b-400e-b79c-0c86bf1273ea,Population using improved drinking-water sources (%),global
f2fe7588-6d1b-400e-b79c-0c86bf1273ea,Population using improved drinking-water sources (%),table
f2fe7588-6d1b-400e-b79c-0c86bf1273ea,Population using improved drinking-water sources (%),explore
f2fe7588-6d1b-400e-b79c-0c86bf1273ea,Population using improved drinking-water sources (%),water
f2fe7588-6d1b-400e-b79c-0c86bf1273ea,Population using improved drinking-water sources (%),water_avaliablility
f2fe7588-6d1b-400e-b79c-0c86bf1273ea,Population using improved drinking-water sources (%),water_demand
f2fe7588-6d1b-400e-b79c-0c86bf1273ea,Population using improved drinking-water sources (%),water_quality
f2fe7588-6d1b-400e-b79c-0c86bf1273ea,Population using improved drinking-water sources (%),water_access
f2fe7588-6d1b-400e-b79c-0c86bf1273ea,Population using improved drinking-water sources (%),water_consumption
96de2bbb-1f9e-4303-abc8-4e29cc381f3d,Projected Average Annual Precipitation - Lower Emissions (2041-2070) -- Global,modeled-projections
96de2bbb-1f9e-4303-abc8-4e29cc381f3d,Projected Average Annual Precipitation - Lower Emissions (2041-2070) -- Global,global
96de2bbb-1f9e-4303-abc8-4e29cc381f3d,Projected Average Annual Precipitation - Lower Emissions (2041-2070) -- Global,climate-weather
96de2bbb-1f9e-4303-abc8-4e29cc381f3d,Projected Average Annual Precipitation - Lower Emissions (2041-2070) -- Global,water
96de2bbb-1f9e-4303-abc8-4e29cc381f3d,Projected Average Annual Precipitation - Lower Emissions (2041-2070) -- Global,precipitation
96de2bbb-1f9e-4303-abc8-4e29cc381f3d,Projected Average Annual Precipitation - Lower Emissions (2041-2070) -- Global,,modeled-projections,global,climate-weather,water,precipitation
fe4531e9-b5ea-4861-9309-3393a37f4acd,Hurricane Tracks - Cat 3-5 Hurricanes Large Scale (1848-present) -- Global,cdi
fe4531e9-b5ea-4861-9309-3393a37f4acd,Hurricane Tracks - Cat 3-5 Hurricanes Large Scale (1848-present) -- Global,observed
fe4531e9-b5ea-4861-9309-3393a37f4acd,Hurricane Tracks - Cat 3-5 Hurricanes Large Scale (1848-present) -- Global,intensity
fe4531e9-b5ea-4861-9309-3393a37f4acd,Hurricane Tracks - Cat 3-5 Hurricanes Large Scale (1848-present) -- Global,global
fe4531e9-b5ea-4861-9309-3393a37f4acd,Hurricane Tracks - Cat 3-5 Hurricanes Large Scale (1848-present) -- Global,coasts
fe4531e9-b5ea-4861-9309-3393a37f4acd,Hurricane Tracks - Cat 3-5 Hurricanes Large Scale (1848-present) -- Global,flooding
fe4531e9-b5ea-4861-9309-3393a37f4acd,Hurricane Tracks - Cat 3-5 Hurricanes Large Scale (1848-present) -- Global,energy
fe4531e9-b5ea-4861-9309-3393a37f4acd,Hurricane Tracks - Cat 3-5 Hurricanes Large Scale (1848-present) -- Global,weather-climate
fe4531e9-b5ea-4861-9309-3393a37f4acd,Hurricane Tracks - Cat 3-5 Hurricanes Large Scale (1848-present) -- Global,cdi,observed,intensity,global,coasts,flooding,energy,weather-climate
098b33df-6871-4e53-a5ff-b56a7d989f9a,Politcial Boundaries (GADM), adminitrative level 1,political boundaries,
6a7bb976-6a39-493b-b38f-7f4d8120dd5d,Quality Controlled Local Climatological Data -- Global,cdi
6a7bb976-6a39-493b-b38f-7f4d8120dd5d,Quality Controlled Local Climatological Data -- Global,global
6a7bb976-6a39-493b-b38f-7f4d8120dd5d,Quality Controlled Local Climatological Data -- Global,arctic
6a7bb976-6a39-493b-b38f-7f4d8120dd5d,Quality Controlled Local Climatological Data -- Global,ecosystems
6a7bb976-6a39-493b-b38f-7f4d8120dd5d,Quality Controlled Local Climatological Data -- Global,health
6a7bb976-6a39-493b-b38f-7f4d8120dd5d,Quality Controlled Local Climatological Data -- Global,transportation
6a7bb976-6a39-493b-b38f-7f4d8120dd5d,Quality Controlled Local Climatological Data -- Global,water
6a7bb976-6a39-493b-b38f-7f4d8120dd5d,Quality Controlled Local Climatological Data -- Global,weather-climate
6a7bb976-6a39-493b-b38f-7f4d8120dd5d,Quality Controlled Local Climatological Data -- Global,cdi,global,arctic,ecosystems,health,transportation,water,weather-climate
90ff981d-200e-4010-be0e-b7b00768fa50,Projected Average Annual Precipitation - Higher Emissions (2041-2070) -- Global,modeled-projections
90ff981d-200e-4010-be0e-b7b00768fa50,Projected Average Annual Precipitation - Higher Emissions (2041-2070) -- Global,global
90ff981d-200e-4010-be0e-b7b00768fa50,Projected Average Annual Precipitation - Higher Emissions (2041-2070) -- Global,climate-weather
90ff981d-200e-4010-be0e-b7b00768fa50,Projected Average Annual Precipitation - Higher Emissions (2041-2070) -- Global,water
90ff981d-200e-4010-be0e-b7b00768fa50,Projected Average Annual Precipitation - Higher Emissions (2041-2070) -- Global,precipitation
90ff981d-200e-4010-be0e-b7b00768fa50,Projected Average Annual Precipitation - Higher Emissions (2041-2070) -- Global,,modeled-projections,global,climate-weather,water,precipitation
12510410-1eb3-4af0-844f-8a05be50b1c1,Average Annual Precipitation (1971-2000),modeled-historical
12510410-1eb3-4af0-844f-8a05be50b1c1,Average Annual Precipitation (1971-2000),global
12510410-1eb3-4af0-844f-8a05be50b1c1,Average Annual Precipitation (1971-2000),climate-weather
12510410-1eb3-4af0-844f-8a05be50b1c1,Average Annual Precipitation (1971-2000),water
12510410-1eb3-4af0-844f-8a05be50b1c1,Average Annual Precipitation (1971-2000),precipitation
12510410-1eb3-4af0-844f-8a05be50b1c1,Average Annual Precipitation (1971-2000),,modeled-historical,global,climate-weather,water,precipitation
b3d076cc-b150-4ccb-a93e-eca05d9ac2bf,Politcial Boundaries (GADM), adminitrative level 2,political boundaries,test
b3d076cc-b150-4ccb-a93e-eca05d9ac2bf,Politcial Boundaries (GADM), adminitrative level 2,political boundaries
b3d076cc-b150-4ccb-a93e-eca05d9ac2bf,Politcial Boundaries (GADM), adminitrative level 2,test
89a6358e-27eb-4b9c-9f0d-befc4959f914,Yearly CO2 Emissions,data4sdgs-featured
134caa0a-21f7-451d-a7fe-30db31a424aa,Country geometries,gadm28
134caa0a-21f7-451d-a7fe-30db31a424aa,Country geometries,admin
134caa0a-21f7-451d-a7fe-30db31a424aa,Country geometries,gadm28,admin
bbfcf170-5c47-40b0-880d-b04648eba354,Current Floods,global
bbfcf170-5c47-40b0-880d-b04648eba354,Current Floods,table
bbfcf170-5c47-40b0-880d-b04648eba354,Current Floods,geospatial
bbfcf170-5c47-40b0-880d-b04648eba354,Current Floods,planet_pulse
bbfcf170-5c47-40b0-880d-b04648eba354,Current Floods,explore
bbfcf170-5c47-40b0-880d-b04648eba354,Current Floods,near_real-time
bbfcf170-5c47-40b0-880d-b04648eba354,Current Floods,flood
bbfcf170-5c47-40b0-880d-b04648eba354,Current Floods,hazard
de452a4c-a55c-464d-9037-8c3e9fe48365,World Database on Protected Areas -- Global,global
de452a4c-a55c-464d-9037-8c3e9fe48365,World Database on Protected Areas -- Global,ecosystems
de452a4c-a55c-464d-9037-8c3e9fe48365,World Database on Protected Areas -- Global,iucn & unep-wcmc
de452a4c-a55c-464d-9037-8c3e9fe48365,World Database on Protected Areas -- Global,data4sdgs-featured
de452a4c-a55c-464d-9037-8c3e9fe48365,World Database on Protected Areas -- Global,global,ecosystems,iucn & unep-wcmc,data4sdgs-featured
20cc5eca-8c63-4c41-8e8e-134dcf1e6d76,VIIRS Active Fire -- Global,observed
20cc5eca-8c63-4c41-8e8e-134dcf1e6d76,VIIRS Active Fire -- Global,global
20cc5eca-8c63-4c41-8e8e-134dcf1e6d76,VIIRS Active Fire -- Global,climate-weather
20cc5eca-8c63-4c41-8e8e-134dcf1e6d76,VIIRS Active Fire -- Global,health
20cc5eca-8c63-4c41-8e8e-134dcf1e6d76,VIIRS Active Fire -- Global,data4sdgs-featured
20cc5eca-8c63-4c41-8e8e-134dcf1e6d76,VIIRS Active Fire -- Global,observed,global,climate-weather,health,data4sdgs-featured
20cc5eca-8c63-4c41-8e8e-134dcf1e6d76,VIIRS Active Fire -- Global,planet_pulse
63e29bc8-c341-44a4-bc0e-1d3dc1714c13,Floods News Reports ,global
63e29bc8-c341-44a4-bc0e-1d3dc1714c13,Floods News Reports ,vector
63e29bc8-c341-44a4-bc0e-1d3dc1714c13,Floods News Reports ,geospatial
63e29bc8-c341-44a4-bc0e-1d3dc1714c13,Floods News Reports ,planet_pulse
63e29bc8-c341-44a4-bc0e-1d3dc1714c13,Floods News Reports ,explore
63e29bc8-c341-44a4-bc0e-1d3dc1714c13,Floods News Reports ,alert
63e29bc8-c341-44a4-bc0e-1d3dc1714c13,Floods News Reports ,near_real-time
63e29bc8-c341-44a4-bc0e-1d3dc1714c13,Floods News Reports ,disaster
63e29bc8-c341-44a4-bc0e-1d3dc1714c13,Floods News Reports ,hazard
63e29bc8-c341-44a4-bc0e-1d3dc1714c13,Floods News Reports ,natural_disaster
63e29bc8-c341-44a4-bc0e-1d3dc1714c13,Floods News Reports ,flood
63e29bc8-c341-44a4-bc0e-1d3dc1714c13,Floods News Reports ,water
63e29bc8-c341-44a4-bc0e-1d3dc1714c13,Floods News Reports ,flood
63e29bc8-c341-44a4-bc0e-1d3dc1714c13,Floods News Reports ,precipitation
63e29bc8-c341-44a4-bc0e-1d3dc1714c13,Floods News Reports ,rain
63e29bc8-c341-44a4-bc0e-1d3dc1714c13,Floods News Reports ,rainfall
a119aac3-81c7-4f8f-adb6-cca5449e9b6d,Volcanoes over the Past 7 days,global
a119aac3-81c7-4f8f-adb6-cca5449e9b6d,Volcanoes over the Past 7 days,table
a119aac3-81c7-4f8f-adb6-cca5449e9b6d,Volcanoes over the Past 7 days,geospatial
a119aac3-81c7-4f8f-adb6-cca5449e9b6d,Volcanoes over the Past 7 days,planet_pulse
a119aac3-81c7-4f8f-adb6-cca5449e9b6d,Volcanoes over the Past 7 days,explore
a119aac3-81c7-4f8f-adb6-cca5449e9b6d,Volcanoes over the Past 7 days,near_real-time
a119aac3-81c7-4f8f-adb6-cca5449e9b6d,Volcanoes over the Past 7 days,volcano
a119aac3-81c7-4f8f-adb6-cca5449e9b6d,Volcanoes over the Past 7 days,volcanic
a119aac3-81c7-4f8f-adb6-cca5449e9b6d,Volcanoes over the Past 7 days,eruption
a119aac3-81c7-4f8f-adb6-cca5449e9b6d,Volcanoes over the Past 7 days,risk
1ed6f37e-0a0c-47a6-830e-2b6d1496b045,Potential Landslide Areas,global
1ed6f37e-0a0c-47a6-830e-2b6d1496b045,Potential Landslide Areas,table
1ed6f37e-0a0c-47a6-830e-2b6d1496b045,Potential Landslide Areas,geospatial
1ed6f37e-0a0c-47a6-830e-2b6d1496b045,Potential Landslide Areas,explore
1ed6f37e-0a0c-47a6-830e-2b6d1496b045,Potential Landslide Areas,near_real-time
1ed6f37e-0a0c-47a6-830e-2b6d1496b045,Potential Landslide Areas,landslide
1ed6f37e-0a0c-47a6-830e-2b6d1496b045,Potential Landslide Areas,risk
84d8bc6c-7d1d-4b36-8637-fda03082aaed,News Sources,global
84d8bc6c-7d1d-4b36-8637-fda03082aaed,News Sources,table
84d8bc6c-7d1d-4b36-8637-fda03082aaed,News Sources,geospatial
84d8bc6c-7d1d-4b36-8637-fda03082aaed,News Sources,planet_pulse
84d8bc6c-7d1d-4b36-8637-fda03082aaed,News Sources,explore
84d8bc6c-7d1d-4b36-8637-fda03082aaed,News Sources,near_real-time
32213dbc-2ec1-4579-a9c8-21afa2793bb6,Drought Monitor,global
32213dbc-2ec1-4579-a9c8-21afa2793bb6,Drought Monitor,table
32213dbc-2ec1-4579-a9c8-21afa2793bb6,Drought Monitor,geospatial
32213dbc-2ec1-4579-a9c8-21afa2793bb6,Drought Monitor,planet_pulse
32213dbc-2ec1-4579-a9c8-21afa2793bb6,Drought Monitor,explore
32213dbc-2ec1-4579-a9c8-21afa2793bb6,Drought Monitor,near_real-time
32213dbc-2ec1-4579-a9c8-21afa2793bb6,Drought Monitor,drought
32213dbc-2ec1-4579-a9c8-21afa2793bb6,Drought Monitor,water
8d84f6c6-8e7d-410e-a408-cbfb2555b35d,Conflict and Protest Data for African/Asia States,quasi-global
8d84f6c6-8e7d-410e-a408-cbfb2555b35d,Conflict and Protest Data for African/Asia States,table
8d84f6c6-8e7d-410e-a408-cbfb2555b35d,Conflict and Protest Data for African/Asia States,geospatial
8d84f6c6-8e7d-410e-a408-cbfb2555b35d,Conflict and Protest Data for African/Asia States,planet_pulse
8d84f6c6-8e7d-410e-a408-cbfb2555b35d,Conflict and Protest Data for African/Asia States,explore
8d84f6c6-8e7d-410e-a408-cbfb2555b35d,Conflict and Protest Data for African/Asia States,near_real-time
8d84f6c6-8e7d-410e-a408-cbfb2555b35d,Conflict and Protest Data for African/Asia States,drought
8d84f6c6-8e7d-410e-a408-cbfb2555b35d,Conflict and Protest Data for African/Asia States,water
a5e50799-fbd1-4aca-b3fa-22a6f6fa7aad,Hurricane Tracks - Cat 1-2 Hurricanes Small Scale (1848-present) -- Global,cdi
a5e50799-fbd1-4aca-b3fa-22a6f6fa7aad,Hurricane Tracks - Cat 1-2 Hurricanes Small Scale (1848-present) -- Global,observed
a5e50799-fbd1-4aca-b3fa-22a6f6fa7aad,Hurricane Tracks - Cat 1-2 Hurricanes Small Scale (1848-present) -- Global,intensity
a5e50799-fbd1-4aca-b3fa-22a6f6fa7aad,Hurricane Tracks - Cat 1-2 Hurricanes Small Scale (1848-present) -- Global,global
a5e50799-fbd1-4aca-b3fa-22a6f6fa7aad,Hurricane Tracks - Cat 1-2 Hurricanes Small Scale (1848-present) -- Global,coasts
a5e50799-fbd1-4aca-b3fa-22a6f6fa7aad,Hurricane Tracks - Cat 1-2 Hurricanes Small Scale (1848-present) -- Global,flooding
a5e50799-fbd1-4aca-b3fa-22a6f6fa7aad,Hurricane Tracks - Cat 1-2 Hurricanes Small Scale (1848-present) -- Global,energy
a5e50799-fbd1-4aca-b3fa-22a6f6fa7aad,Hurricane Tracks - Cat 1-2 Hurricanes Small Scale (1848-present) -- Global,weather-climate
a5e50799-fbd1-4aca-b3fa-22a6f6fa7aad,Hurricane Tracks - Cat 1-2 Hurricanes Small Scale (1848-present) -- Global,cdi,observed,intensity,global,coasts,flooding,energy,weather-climate
3de46aa8-120c-454f-b022-464a236f45ed,Hourly Global Climate Summaries -- Global,cdi
3de46aa8-120c-454f-b022-464a236f45ed,Hourly Global Climate Summaries -- Global,observed
3de46aa8-120c-454f-b022-464a236f45ed,Hourly Global Climate Summaries -- Global,temperature
3de46aa8-120c-454f-b022-464a236f45ed,Hourly Global Climate Summaries -- Global,sky cover
3de46aa8-120c-454f-b022-464a236f45ed,Hourly Global Climate Summaries -- Global,sea level pressure
3de46aa8-120c-454f-b022-464a236f45ed,Hourly Global Climate Summaries -- Global,relative humidity
3de46aa8-120c-454f-b022-464a236f45ed,Hourly Global Climate Summaries -- Global,global
3de46aa8-120c-454f-b022-464a236f45ed,Hourly Global Climate Summaries -- Global,health
3de46aa8-120c-454f-b022-464a236f45ed,Hourly Global Climate Summaries -- Global,weather-climate
3de46aa8-120c-454f-b022-464a236f45ed,Hourly Global Climate Summaries -- Global,cdi,observed,temperature,sky cover,sea level pressure,relative humidity,global,health,weather-climate
f96452ba-28c5-493d-882a-085f89c274e2,Earthquakes Over the Past 30 days,global
f96452ba-28c5-493d-882a-085f89c274e2,Earthquakes Over the Past 30 days,table
f96452ba-28c5-493d-882a-085f89c274e2,Earthquakes Over the Past 30 days,geospatial
f96452ba-28c5-493d-882a-085f89c274e2,Earthquakes Over the Past 30 days,planet_pulse
f96452ba-28c5-493d-882a-085f89c274e2,Earthquakes Over the Past 30 days,explore
f96452ba-28c5-493d-882a-085f89c274e2,Earthquakes Over the Past 30 days,monthly
f96452ba-28c5-493d-882a-085f89c274e2,Earthquakes Over the Past 30 days,disaster
f96452ba-28c5-493d-882a-085f89c274e2,Earthquakes Over the Past 30 days,natural_disaster
f96452ba-28c5-493d-882a-085f89c274e2,Earthquakes Over the Past 30 days,earthquake
f96452ba-28c5-493d-882a-085f89c274e2,Earthquakes Over the Past 30 days,hazard
f96452ba-28c5-493d-882a-085f89c274e2,Earthquakes Over the Past 30 days,risk
303bd52b-020f-4744-87c5-8da38fffd738,Hurricane Tracks - Cat 3-5 Hurricanes Small Scale (1848-present) -- Global,cdi
303bd52b-020f-4744-87c5-8da38fffd738,Hurricane Tracks - Cat 3-5 Hurricanes Small Scale (1848-present) -- Global,observed
303bd52b-020f-4744-87c5-8da38fffd738,Hurricane Tracks - Cat 3-5 Hurricanes Small Scale (1848-present) -- Global,intensity
303bd52b-020f-4744-87c5-8da38fffd738,Hurricane Tracks - Cat 3-5 Hurricanes Small Scale (1848-present) -- Global,global
303bd52b-020f-4744-87c5-8da38fffd738,Hurricane Tracks - Cat 3-5 Hurricanes Small Scale (1848-present) -- Global,coasts
303bd52b-020f-4744-87c5-8da38fffd738,Hurricane Tracks - Cat 3-5 Hurricanes Small Scale (1848-present) -- Global,flooding
303bd52b-020f-4744-87c5-8da38fffd738,Hurricane Tracks - Cat 3-5 Hurricanes Small Scale (1848-present) -- Global,energy
303bd52b-020f-4744-87c5-8da38fffd738,Hurricane Tracks - Cat 3-5 Hurricanes Small Scale (1848-present) -- Global,weather-climate
303bd52b-020f-4744-87c5-8da38fffd738,Hurricane Tracks - Cat 3-5 Hurricanes Small Scale (1848-present) -- Global,cdi,observed,intensity,global,coasts,flooding,energy,weather-climate
71b81fe0-23fc-4154-8601-ba987381594c,Intact Forest Landscapes,global
71b81fe0-23fc-4154-8601-ba987381594c,Intact Forest Landscapes,table
71b81fe0-23fc-4154-8601-ba987381594c,Intact Forest Landscapes,geospatial
71b81fe0-23fc-4154-8601-ba987381594c,Intact Forest Landscapes,planet_pulse
71b81fe0-23fc-4154-8601-ba987381594c,Intact Forest Landscapes,explore
71b81fe0-23fc-4154-8601-ba987381594c,Intact Forest Landscapes,intact_forest
71b81fe0-23fc-4154-8601-ba987381594c,Intact Forest Landscapes,land_cover
71b81fe0-23fc-4154-8601-ba987381594c,Intact Forest Landscapes,forest_cover
71b81fe0-23fc-4154-8601-ba987381594c,Intact Forest Landscapes,forest
8ab2606d-1b1c-4b71-ab29-c6e0a687e9fd,Mangrove Forest,mangroves,global,land cover
8ab2606d-1b1c-4b71-ab29-c6e0a687e9fd,Mangrove Forest,mangroves
8ab2606d-1b1c-4b71-ab29-c6e0a687e9fd,Mangrove Forest,global
8ab2606d-1b1c-4b71-ab29-c6e0a687e9fd,Mangrove Forest,land cover
8ab2606d-1b1c-4b71-ab29-c6e0a687e9fd,Mangrove Forest,global
8ab2606d-1b1c-4b71-ab29-c6e0a687e9fd,Mangrove Forest,table
8ab2606d-1b1c-4b71-ab29-c6e0a687e9fd,Mangrove Forest,vector
8ab2606d-1b1c-4b71-ab29-c6e0a687e9fd,Mangrove Forest,explore
8ab2606d-1b1c-4b71-ab29-c6e0a687e9fd,Mangrove Forest,monthly
8ab2606d-1b1c-4b71-ab29-c6e0a687e9fd,Mangrove Forest,mangroves
8ab2606d-1b1c-4b71-ab29-c6e0a687e9fd,Mangrove Forest,land_cover
ffe316c8-c059-4ed6-a5c9-bc640afe4d0e,Projected Change in Average Annual Precipitation - Lower Emissions (2041-2070) -- Global,modeled-projections
ffe316c8-c059-4ed6-a5c9-bc640afe4d0e,Projected Change in Average Annual Precipitation - Lower Emissions (2041-2070) -- Global,global
ffe316c8-c059-4ed6-a5c9-bc640afe4d0e,Projected Change in Average Annual Precipitation - Lower Emissions (2041-2070) -- Global,climate-weather
ffe316c8-c059-4ed6-a5c9-bc640afe4d0e,Projected Change in Average Annual Precipitation - Lower Emissions (2041-2070) -- Global,water
ffe316c8-c059-4ed6-a5c9-bc640afe4d0e,Projected Change in Average Annual Precipitation - Lower Emissions (2041-2070) -- Global,precipitation
ffe316c8-c059-4ed6-a5c9-bc640afe4d0e,Projected Change in Average Annual Precipitation - Lower Emissions (2041-2070) -- Global,,modeled-projections,global,climate-weather,water,precipitation
ff92eedc-f02e-48c7-9173-97eaa7fd70aa,Projected Change in Average Annual Precipitation - Higher Emissions (2041-2070) - Global,modeled-projections
ff92eedc-f02e-48c7-9173-97eaa7fd70aa,Projected Change in Average Annual Precipitation - Higher Emissions (2041-2070) - Global,global
ff92eedc-f02e-48c7-9173-97eaa7fd70aa,Projected Change in Average Annual Precipitation - Higher Emissions (2041-2070) - Global,climate-weather
ff92eedc-f02e-48c7-9173-97eaa7fd70aa,Projected Change in Average Annual Precipitation - Higher Emissions (2041-2070) - Global,water
ff92eedc-f02e-48c7-9173-97eaa7fd70aa,Projected Change in Average Annual Precipitation - Higher Emissions (2041-2070) - Global,precipitation
ff92eedc-f02e-48c7-9173-97eaa7fd70aa,Projected Change in Average Annual Precipitation - Higher Emissions (2041-2070) - Global,,modeled-projections,global,climate-weather,water,precipitation
2501e49c-27da-42b0-9b15-280f48ce5540,GHCN-Daily Station Location -- Global,cdi
2501e49c-27da-42b0-9b15-280f48ce5540,GHCN-Daily Station Location -- Global,global
2501e49c-27da-42b0-9b15-280f48ce5540,GHCN-Daily Station Location -- Global,arctic
2501e49c-27da-42b0-9b15-280f48ce5540,GHCN-Daily Station Location -- Global,energy
2501e49c-27da-42b0-9b15-280f48ce5540,GHCN-Daily Station Location -- Global,transportation
2501e49c-27da-42b0-9b15-280f48ce5540,GHCN-Daily Station Location -- Global,health
2501e49c-27da-42b0-9b15-280f48ce5540,GHCN-Daily Station Location -- Global,ecosystems
2501e49c-27da-42b0-9b15-280f48ce5540,GHCN-Daily Station Location -- Global,weather-climate
2501e49c-27da-42b0-9b15-280f48ce5540,GHCN-Daily Station Location -- Global,water
2501e49c-27da-42b0-9b15-280f48ce5540,GHCN-Daily Station Location -- Global,cdi,global,arctic,energy,transportation,health,ecosystems,weather-climate,water,
fa83e8c5-e83f-4488-bd93-7c8d0ba205c1,Hurricane Tracks - Cat 1-2 Hurricanes Large Scale (1848-present) -- Global,cdi
fa83e8c5-e83f-4488-bd93-7c8d0ba205c1,Hurricane Tracks - Cat 1-2 Hurricanes Large Scale (1848-present) -- Global,observed
fa83e8c5-e83f-4488-bd93-7c8d0ba205c1,Hurricane Tracks - Cat 1-2 Hurricanes Large Scale (1848-present) -- Global,intensity
fa83e8c5-e83f-4488-bd93-7c8d0ba205c1,Hurricane Tracks - Cat 1-2 Hurricanes Large Scale (1848-present) -- Global,global
fa83e8c5-e83f-4488-bd93-7c8d0ba205c1,Hurricane Tracks - Cat 1-2 Hurricanes Large Scale (1848-present) -- Global,coasts
fa83e8c5-e83f-4488-bd93-7c8d0ba205c1,Hurricane Tracks - Cat 1-2 Hurricanes Large Scale (1848-present) -- Global,flooding
fa83e8c5-e83f-4488-bd93-7c8d0ba205c1,Hurricane Tracks - Cat 1-2 Hurricanes Large Scale (1848-present) -- Global,energy
fa83e8c5-e83f-4488-bd93-7c8d0ba205c1,Hurricane Tracks - Cat 1-2 Hurricanes Large Scale (1848-present) -- Global,weather-climate
fa83e8c5-e83f-4488-bd93-7c8d0ba205c1,Hurricane Tracks - Cat 1-2 Hurricanes Large Scale (1848-present) -- Global,cdi,observed,intensity,global,coasts,flooding,energy,weather-climate
ab806854-3c33-4008-a38d-a2bc71a8fc2c,Global Distribution of Infant Mortality- Proxy for Poverty (SEDAC),global
ab806854-3c33-4008-a38d-a2bc71a8fc2c,Global Distribution of Infant Mortality- Proxy for Poverty (SEDAC),vector
ab806854-3c33-4008-a38d-a2bc71a8fc2c,Global Distribution of Infant Mortality- Proxy for Poverty (SEDAC),geospatial
ab806854-3c33-4008-a38d-a2bc71a8fc2c,Global Distribution of Infant Mortality- Proxy for Poverty (SEDAC),explore
ab806854-3c33-4008-a38d-a2bc71a8fc2c,Global Distribution of Infant Mortality- Proxy for Poverty (SEDAC),society
ab806854-3c33-4008-a38d-a2bc71a8fc2c,Global Distribution of Infant Mortality- Proxy for Poverty (SEDAC),people
ab806854-3c33-4008-a38d-a2bc71a8fc2c,Global Distribution of Infant Mortality- Proxy for Poverty (SEDAC),children
ab806854-3c33-4008-a38d-a2bc71a8fc2c,Global Distribution of Infant Mortality- Proxy for Poverty (SEDAC),poverty
ab806854-3c33-4008-a38d-a2bc71a8fc2c,Global Distribution of Infant Mortality- Proxy for Poverty (SEDAC),infant_mortality
995c82b4-6fd0-44de-b21c-20fdce9738d9,GDP per capita, PPP (current international $) (World Bank),global
995c82b4-6fd0-44de-b21c-20fdce9738d9,GDP per capita, PPP (current international $) (World Bank),table
995c82b4-6fd0-44de-b21c-20fdce9738d9,GDP per capita, PPP (current international $) (World Bank),non_geospatial
995c82b4-6fd0-44de-b21c-20fdce9738d9,GDP per capita, PPP (current international $) (World Bank),explore
995c82b4-6fd0-44de-b21c-20fdce9738d9,GDP per capita, PPP (current international $) (World Bank),society
995c82b4-6fd0-44de-b21c-20fdce9738d9,GDP per capita, PPP (current international $) (World Bank),people
995c82b4-6fd0-44de-b21c-20fdce9738d9,GDP per capita, PPP (current international $) (World Bank),GDP
995c82b4-6fd0-44de-b21c-20fdce9738d9,GDP per capita, PPP (current international $) (World Bank),economic
3973a9b5-4ee7-44a9-aaba-24e6a4f23358,GDP, PPP (current international $) (World Bank),global
3973a9b5-4ee7-44a9-aaba-24e6a4f23358,GDP, PPP (current international $) (World Bank),table
3973a9b5-4ee7-44a9-aaba-24e6a4f23358,GDP, PPP (current international $) (World Bank),non_geospatial
3973a9b5-4ee7-44a9-aaba-24e6a4f23358,GDP, PPP (current international $) (World Bank),explore
3973a9b5-4ee7-44a9-aaba-24e6a4f23358,GDP, PPP (current international $) (World Bank),society
3973a9b5-4ee7-44a9-aaba-24e6a4f23358,GDP, PPP (current international $) (World Bank),people
3973a9b5-4ee7-44a9-aaba-24e6a4f23358,GDP, PPP (current international $) (World Bank),GDP
3973a9b5-4ee7-44a9-aaba-24e6a4f23358,GDP, PPP (current international $) (World Bank),economic
f3d6d6c1-3b3b-4dfc-a2a0-dcf38d258ae9,Sustainable Development Goals Indicators Tracker,global
f3d6d6c1-3b3b-4dfc-a2a0-dcf38d258ae9,Sustainable Development Goals Indicators Tracker,table
f3d6d6c1-3b3b-4dfc-a2a0-dcf38d258ae9,Sustainable Development Goals Indicators Tracker,non_geospatial
f3d6d6c1-3b3b-4dfc-a2a0-dcf38d258ae9,Sustainable Development Goals Indicators Tracker,explore
f3d6d6c1-3b3b-4dfc-a2a0-dcf38d258ae9,Sustainable Development Goals Indicators Tracker,society
f3d6d6c1-3b3b-4dfc-a2a0-dcf38d258ae9,Sustainable Development Goals Indicators Tracker,people
f3d6d6c1-3b3b-4dfc-a2a0-dcf38d258ae9,Sustainable Development Goals Indicators Tracker,GDP
f3d6d6c1-3b3b-4dfc-a2a0-dcf38d258ae9,Sustainable Development Goals Indicators Tracker,economic
f3d6d6c1-3b3b-4dfc-a2a0-dcf38d258ae9,Sustainable Development Goals Indicators Tracker,sustainable_development_goals
4c9190e9-205b-4ff8-83dd-ee08cd63a04c,Ranking of Countries by Civil Liberties/Freedom in the World (Freedom House),global
4c9190e9-205b-4ff8-83dd-ee08cd63a04c,Ranking of Countries by Civil Liberties/Freedom in the World (Freedom House),table
4c9190e9-205b-4ff8-83dd-ee08cd63a04c,Ranking of Countries by Civil Liberties/Freedom in the World (Freedom House),geospatial
4c9190e9-205b-4ff8-83dd-ee08cd63a04c,Ranking of Countries by Civil Liberties/Freedom in the World (Freedom House),vector
4c9190e9-205b-4ff8-83dd-ee08cd63a04c,Ranking of Countries by Civil Liberties/Freedom in the World (Freedom House),explore
4c9190e9-205b-4ff8-83dd-ee08cd63a04c,Ranking of Countries by Civil Liberties/Freedom in the World (Freedom House),society
4c9190e9-205b-4ff8-83dd-ee08cd63a04c,Ranking of Countries by Civil Liberties/Freedom in the World (Freedom House),people
4c9190e9-205b-4ff8-83dd-ee08cd63a04c,Ranking of Countries by Civil Liberties/Freedom in the World (Freedom House),freedom
0b9f0100-ce5b-430f-ad8f-3363efa05481,Environmental Democracy Index,global
0b9f0100-ce5b-430f-ad8f-3363efa05481,Environmental Democracy Index,table
0b9f0100-ce5b-430f-ad8f-3363efa05481,Environmental Democracy Index,non-geospatial
0b9f0100-ce5b-430f-ad8f-3363efa05481,Environmental Democracy Index,explore
0b9f0100-ce5b-430f-ad8f-3363efa05481,Environmental Democracy Index,society
0b9f0100-ce5b-430f-ad8f-3363efa05481,Environmental Democracy Index,people
0b9f0100-ce5b-430f-ad8f-3363efa05481,Environmental Democracy Index,freedom
42de3f98-ba1c-4572-a227-2e18d45239a5,State Fragility Index,global
42de3f98-ba1c-4572-a227-2e18d45239a5,State Fragility Index,table
42de3f98-ba1c-4572-a227-2e18d45239a5,State Fragility Index,geospatial
42de3f98-ba1c-4572-a227-2e18d45239a5,State Fragility Index,vector
42de3f98-ba1c-4572-a227-2e18d45239a5,State Fragility Index,explore
42de3f98-ba1c-4572-a227-2e18d45239a5,State Fragility Index,society
42de3f98-ba1c-4572-a227-2e18d45239a5,State Fragility Index,people
42de3f98-ba1c-4572-a227-2e18d45239a5,State Fragility Index,freedom
1170030b-9725-4bfe-8fb4-1b0eb81020d2,Most polluting countries in 2011,global
1170030b-9725-4bfe-8fb4-1b0eb81020d2,Most polluting countries in 2011,table
1170030b-9725-4bfe-8fb4-1b0eb81020d2,Most polluting countries in 2011,non-geospatial
1170030b-9725-4bfe-8fb4-1b0eb81020d2,Most polluting countries in 2011,explore
1170030b-9725-4bfe-8fb4-1b0eb81020d2,Most polluting countries in 2011,pollution
1170030b-9725-4bfe-8fb4-1b0eb81020d2,Most polluting countries in 2011,water_pollution
1170030b-9725-4bfe-8fb4-1b0eb81020d2,Most polluting countries in 2011,pollution
3f35ccf5-a104-4edf-b1ca-4e0bd423615b,USGS Mineral Maps (cross-listed on land),global
3f35ccf5-a104-4edf-b1ca-4e0bd423615b,USGS Mineral Maps (cross-listed on land),vector
3f35ccf5-a104-4edf-b1ca-4e0bd423615b,USGS Mineral Maps (cross-listed on land),geospatial
3f35ccf5-a104-4edf-b1ca-4e0bd423615b,USGS Mineral Maps (cross-listed on land),explore
3f35ccf5-a104-4edf-b1ca-4e0bd423615b,USGS Mineral Maps (cross-listed on land),energy
3f35ccf5-a104-4edf-b1ca-4e0bd423615b,USGS Mineral Maps (cross-listed on land),mineral
3f35ccf5-a104-4edf-b1ca-4e0bd423615b,USGS Mineral Maps (cross-listed on land),nonrenewable
3f35ccf5-a104-4edf-b1ca-4e0bd423615b,USGS Mineral Maps (cross-listed on land),coal
3f35ccf5-a104-4edf-b1ca-4e0bd423615b,USGS Mineral Maps (cross-listed on land),uranium
3f35ccf5-a104-4edf-b1ca-4e0bd423615b,USGS Mineral Maps (cross-listed on land),thorium
118311ed-4b1b-4e75-bdc7-636f644de0c2,Percentage of population with access to an improved water source,global
118311ed-4b1b-4e75-bdc7-636f644de0c2,Percentage of population with access to an improved water source,vector
118311ed-4b1b-4e75-bdc7-636f644de0c2,Percentage of population with access to an improved water source,geospatial
118311ed-4b1b-4e75-bdc7-636f644de0c2,Percentage of population with access to an improved water source,annual
118311ed-4b1b-4e75-bdc7-636f644de0c2,Percentage of population with access to an improved water source,explore
118311ed-4b1b-4e75-bdc7-636f644de0c2,Percentage of population with access to an improved water source,water
118311ed-4b1b-4e75-bdc7-636f644de0c2,Percentage of population with access to an improved water source,drinking_water
118311ed-4b1b-4e75-bdc7-636f644de0c2,Percentage of population with access to an improved water source,access
118311ed-4b1b-4e75-bdc7-636f644de0c2,Percentage of population with access to an improved water source,water_access
118311ed-4b1b-4e75-bdc7-636f644de0c2,Percentage of population with access to an improved water source,infrastructure
d78cf412-946d-4e27-8bc5-ebbd98454e1f,Water occurrence (1985-2015),global
d78cf412-946d-4e27-8bc5-ebbd98454e1f,Water occurrence (1985-2015),raster
d78cf412-946d-4e27-8bc5-ebbd98454e1f,Water occurrence (1985-2015),geospatial
d78cf412-946d-4e27-8bc5-ebbd98454e1f,Water occurrence (1985-2015),explore
d78cf412-946d-4e27-8bc5-ebbd98454e1f,Water occurrence (1985-2015),water
d78cf412-946d-4e27-8bc5-ebbd98454e1f,Water occurrence (1985-2015),water_avaliability
d78cf412-946d-4e27-8bc5-ebbd98454e1f,Water occurrence (1985-2015),water_extent
8ecf07f5-3cae-4275-adfe-918d04439a1a,Water Occurrence Change Intensity (1984-1999 and 2000-2015),global
8ecf07f5-3cae-4275-adfe-918d04439a1a,Water Occurrence Change Intensity (1984-1999 and 2000-2015),raster
8ecf07f5-3cae-4275-adfe-918d04439a1a,Water Occurrence Change Intensity (1984-1999 and 2000-2015),geospatial
8ecf07f5-3cae-4275-adfe-918d04439a1a,Water Occurrence Change Intensity (1984-1999 and 2000-2015),explore
8ecf07f5-3cae-4275-adfe-918d04439a1a,Water Occurrence Change Intensity (1984-1999 and 2000-2015),water
8ecf07f5-3cae-4275-adfe-918d04439a1a,Water Occurrence Change Intensity (1984-1999 and 2000-2015),water_avaliability
8ecf07f5-3cae-4275-adfe-918d04439a1a,Water Occurrence Change Intensity (1984-1999 and 2000-2015),water_extent
ec730070-b187-4221-a4e5-af6de7c854b7,Water Seasonality (2014-2015),global
ec730070-b187-4221-a4e5-af6de7c854b7,Water Seasonality (2014-2015),raster
ec730070-b187-4221-a4e5-af6de7c854b7,Water Seasonality (2014-2015),geospatial
ec730070-b187-4221-a4e5-af6de7c854b7,Water Seasonality (2014-2015),explore
ec730070-b187-4221-a4e5-af6de7c854b7,Water Seasonality (2014-2015),water
ec730070-b187-4221-a4e5-af6de7c854b7,Water Seasonality (2014-2015),water_avaliability
ec730070-b187-4221-a4e5-af6de7c854b7,Water Seasonality (2014-2015),water_extent
3f4b9be7-e000-41aa-bde2-83b9b13c8e35,Annual Water Recurrence (1984-2015),global
3f4b9be7-e000-41aa-bde2-83b9b13c8e35,Annual Water Recurrence (1984-2015),raster
3f4b9be7-e000-41aa-bde2-83b9b13c8e35,Annual Water Recurrence (1984-2015),geospatial
3f4b9be7-e000-41aa-bde2-83b9b13c8e35,Annual Water Recurrence (1984-2015),explore
3f4b9be7-e000-41aa-bde2-83b9b13c8e35,Annual Water Recurrence (1984-2015),water
3f4b9be7-e000-41aa-bde2-83b9b13c8e35,Annual Water Recurrence (1984-2015),water_avaliability
3f4b9be7-e000-41aa-bde2-83b9b13c8e35,Annual Water Recurrence (1984-2015),water_extent
2956273b-4271-44b5-9067-4ee0c106ec94,Water Transitions (first year to last year),global
2956273b-4271-44b5-9067-4ee0c106ec94,Water Transitions (first year to last year),raster
2956273b-4271-44b5-9067-4ee0c106ec94,Water Transitions (first year to last year),geospatial
2956273b-4271-44b5-9067-4ee0c106ec94,Water Transitions (first year to last year),explore
2956273b-4271-44b5-9067-4ee0c106ec94,Water Transitions (first year to last year),water
2956273b-4271-44b5-9067-4ee0c106ec94,Water Transitions (first year to last year),water_avaliability
2956273b-4271-44b5-9067-4ee0c106ec94,Water Transitions (first year to last year),water_extent
62494370-3799-4165-838e-0ebaf42804c2,Maximum Water Extent (1984-2015),global
62494370-3799-4165-838e-0ebaf42804c2,Maximum Water Extent (1984-2015),raster
62494370-3799-4165-838e-0ebaf42804c2,Maximum Water Extent (1984-2015),geospatial
62494370-3799-4165-838e-0ebaf42804c2,Maximum Water Extent (1984-2015),explore
62494370-3799-4165-838e-0ebaf42804c2,Maximum Water Extent (1984-2015),water
62494370-3799-4165-838e-0ebaf42804c2,Maximum Water Extent (1984-2015),water_avaliability
62494370-3799-4165-838e-0ebaf42804c2,Maximum Water Extent (1984-2015),water_extent
2198cd87-b593-4989-879f-55b575ffcee9,Global Urban Footprint,global
2198cd87-b593-4989-879f-55b575ffcee9,Global Urban Footprint,raster
2198cd87-b593-4989-879f-55b575ffcee9,Global Urban Footprint,geospatial
2198cd87-b593-4989-879f-55b575ffcee9,Global Urban Footprint,explore
2198cd87-b593-4989-879f-55b575ffcee9,Global Urban Footprint,urban
2198cd87-b593-4989-879f-55b575ffcee9,Global Urban Footprint,settlement
2198cd87-b593-4989-879f-55b575ffcee9,Global Urban Footprint,urban_extent
2198cd87-b593-4989-879f-55b575ffcee9,Global Urban Footprint,city_extent
2198cd87-b593-4989-879f-55b575ffcee9,Global Urban Footprint,urban_expansion
34c26b6d-3b71-4ac7-98a3-5396221d9a5b,GSOD Station Location -- Global,cdi
34c26b6d-3b71-4ac7-98a3-5396221d9a5b,GSOD Station Location -- Global,global
34c26b6d-3b71-4ac7-98a3-5396221d9a5b,GSOD Station Location -- Global,arctic
34c26b6d-3b71-4ac7-98a3-5396221d9a5b,GSOD Station Location -- Global,coasts
34c26b6d-3b71-4ac7-98a3-5396221d9a5b,GSOD Station Location -- Global,ecosystems
34c26b6d-3b71-4ac7-98a3-5396221d9a5b,GSOD Station Location -- Global,flooding
34c26b6d-3b71-4ac7-98a3-5396221d9a5b,GSOD Station Location -- Global,health
34c26b6d-3b71-4ac7-98a3-5396221d9a5b,GSOD Station Location -- Global,transportation
34c26b6d-3b71-4ac7-98a3-5396221d9a5b,GSOD Station Location -- Global,water
34c26b6d-3b71-4ac7-98a3-5396221d9a5b,GSOD Station Location -- Global,weather-climate
34c26b6d-3b71-4ac7-98a3-5396221d9a5b,GSOD Station Location -- Global,cdi,global,arctic,coasts,ecosystems,flooding,health,transportation,water,weather-climate
60eaf89a-2e0c-44b9-b718-a4a777e69c7c,ISD Station Location -- Global,cdi
60eaf89a-2e0c-44b9-b718-a4a777e69c7c,ISD Station Location -- Global,ngda
60eaf89a-2e0c-44b9-b718-a4a777e69c7c,ISD Station Location -- Global,global
60eaf89a-2e0c-44b9-b718-a4a777e69c7c,ISD Station Location -- Global,ecosystems
60eaf89a-2e0c-44b9-b718-a4a777e69c7c,ISD Station Location -- Global,energy
60eaf89a-2e0c-44b9-b718-a4a777e69c7c,ISD Station Location -- Global,health
60eaf89a-2e0c-44b9-b718-a4a777e69c7c,ISD Station Location -- Global,transportation
60eaf89a-2e0c-44b9-b718-a4a777e69c7c,ISD Station Location -- Global,water
60eaf89a-2e0c-44b9-b718-a4a777e69c7c,ISD Station Location -- Global,weather-climate
60eaf89a-2e0c-44b9-b718-a4a777e69c7c,ISD Station Location -- Global,cdi,ngda,global,ecosystems,energy,health,transportation,water,weather-climate
426fa4e2-edee-4f54-93d1-af95d7f4aec8,Multidimensional Poverty Index (UNDP),global
426fa4e2-edee-4f54-93d1-af95d7f4aec8,Multidimensional Poverty Index (UNDP),table
426fa4e2-edee-4f54-93d1-af95d7f4aec8,Multidimensional Poverty Index (UNDP),non_geospatial
426fa4e2-edee-4f54-93d1-af95d7f4aec8,Multidimensional Poverty Index (UNDP),explore
426fa4e2-edee-4f54-93d1-af95d7f4aec8,Multidimensional Poverty Index (UNDP),society
426fa4e2-edee-4f54-93d1-af95d7f4aec8,Multidimensional Poverty Index (UNDP),people
426fa4e2-edee-4f54-93d1-af95d7f4aec8,Multidimensional Poverty Index (UNDP),poverty
223b936e-06b8-4970-abd9-4f123904d95d,Acute Food Insecurity,global
223b936e-06b8-4970-abd9-4f123904d95d,Acute Food Insecurity,table
223b936e-06b8-4970-abd9-4f123904d95d,Acute Food Insecurity,geospatial
223b936e-06b8-4970-abd9-4f123904d95d,Acute Food Insecurity,vector
223b936e-06b8-4970-abd9-4f123904d95d,Acute Food Insecurity,near_real-time
223b936e-06b8-4970-abd9-4f123904d95d,Acute Food Insecurity,planet_pulse
223b936e-06b8-4970-abd9-4f123904d95d,Acute Food Insecurity,explore
223b936e-06b8-4970-abd9-4f123904d95d,Acute Food Insecurity,food
223b936e-06b8-4970-abd9-4f123904d95d,Acute Food Insecurity,malnutrition
223b936e-06b8-4970-abd9-4f123904d95d,Acute Food Insecurity,food_security
223b936e-06b8-4970-abd9-4f123904d95d,Acute Food Insecurity,food_supply
223b936e-06b8-4970-abd9-4f123904d95d,Acute Food Insecurity,society
223b936e-06b8-4970-abd9-4f123904d95d,Acute Food Insecurity,poverty
2b569ae2-9452-44f8-9c81-3c3afb6c3c25,Subnational Poverty (World Bank),global
2b569ae2-9452-44f8-9c81-3c3afb6c3c25,Subnational Poverty (World Bank),table
2b569ae2-9452-44f8-9c81-3c3afb6c3c25,Subnational Poverty (World Bank),non_geospatial
2b569ae2-9452-44f8-9c81-3c3afb6c3c25,Subnational Poverty (World Bank),explore
2b569ae2-9452-44f8-9c81-3c3afb6c3c25,Subnational Poverty (World Bank),society
2b569ae2-9452-44f8-9c81-3c3afb6c3c25,Subnational Poverty (World Bank),poverty
2b569ae2-9452-44f8-9c81-3c3afb6c3c25,Subnational Poverty (World Bank),people
24f9654b-c542-4987-a6fc-7d5b6339e3c4,Human Development Index (UNDP),global
24f9654b-c542-4987-a6fc-7d5b6339e3c4,Human Development Index (UNDP),table
24f9654b-c542-4987-a6fc-7d5b6339e3c4,Human Development Index (UNDP),non_geospatial
24f9654b-c542-4987-a6fc-7d5b6339e3c4,Human Development Index (UNDP),explore
24f9654b-c542-4987-a6fc-7d5b6339e3c4,Human Development Index (UNDP),society
24f9654b-c542-4987-a6fc-7d5b6339e3c4,Human Development Index (UNDP),development
24f9654b-c542-4987-a6fc-7d5b6339e3c4,Human Development Index (UNDP),people
9a74e4c4-33b5-46d8-90d0-ea0615b1620f,Gender Development Index (UNDP),global
9a74e4c4-33b5-46d8-90d0-ea0615b1620f,Gender Development Index (UNDP),table
9a74e4c4-33b5-46d8-90d0-ea0615b1620f,Gender Development Index (UNDP),non_geospatial
9a74e4c4-33b5-46d8-90d0-ea0615b1620f,Gender Development Index (UNDP),explore
9a74e4c4-33b5-46d8-90d0-ea0615b1620f,Gender Development Index (UNDP),society
9a74e4c4-33b5-46d8-90d0-ea0615b1620f,Gender Development Index (UNDP),development
9a74e4c4-33b5-46d8-90d0-ea0615b1620f,Gender Development Index (UNDP),people
bbadb233-84ea-4ae1-893f-deba67f1d5de,Global grey water footprint and Water Pollution Levels related to anthropogenic Nitrogen loads to fresh water.,global
bbadb233-84ea-4ae1-893f-deba67f1d5de,Global grey water footprint and Water Pollution Levels related to anthropogenic Nitrogen loads to fresh water.,raster
bbadb233-84ea-4ae1-893f-deba67f1d5de,Global grey water footprint and Water Pollution Levels related to anthropogenic Nitrogen loads to fresh water.,geospatial
bbadb233-84ea-4ae1-893f-deba67f1d5de,Global grey water footprint and Water Pollution Levels related to anthropogenic Nitrogen loads to fresh water.,explore
bbadb233-84ea-4ae1-893f-deba67f1d5de,Global grey water footprint and Water Pollution Levels related to anthropogenic Nitrogen loads to fresh water.,water
bbadb233-84ea-4ae1-893f-deba67f1d5de,Global grey water footprint and Water Pollution Levels related to anthropogenic Nitrogen loads to fresh water.,water_quality
bbadb233-84ea-4ae1-893f-deba67f1d5de,Global grey water footprint and Water Pollution Levels related to anthropogenic Nitrogen loads to fresh water.,nitrogen
bbadb233-84ea-4ae1-893f-deba67f1d5de,Global grey water footprint and Water Pollution Levels related to anthropogenic Nitrogen loads to fresh water.,nutrient
bbadb233-84ea-4ae1-893f-deba67f1d5de,Global grey water footprint and Water Pollution Levels related to anthropogenic Nitrogen loads to fresh water.,greywater
a972a30d-f766-4d68-a85d-392538b4ccf9,Floods by magnitude,global
a972a30d-f766-4d68-a85d-392538b4ccf9,Floods by magnitude,table
a972a30d-f766-4d68-a85d-392538b4ccf9,Floods by magnitude,geospatial
a972a30d-f766-4d68-a85d-392538b4ccf9,Floods by magnitude,explore
a972a30d-f766-4d68-a85d-392538b4ccf9,Floods by magnitude,flood
a972a30d-f766-4d68-a85d-392538b4ccf9,Floods by magnitude,natural_disaster
a972a30d-f766-4d68-a85d-392538b4ccf9,Floods by magnitude,flood
d8a45b34-4cc0-42f4-957d-e13b37e9182e,Anthropogenic Biomes of the World,global
d8a45b34-4cc0-42f4-957d-e13b37e9182e,Anthropogenic Biomes of the World,raster
d8a45b34-4cc0-42f4-957d-e13b37e9182e,Anthropogenic Biomes of the World,geospatial
d8a45b34-4cc0-42f4-957d-e13b37e9182e,Anthropogenic Biomes of the World,explore
d8a45b34-4cc0-42f4-957d-e13b37e9182e,Anthropogenic Biomes of the World,reference_map
d8a45b34-4cc0-42f4-957d-e13b37e9182e,Anthropogenic Biomes of the World,land_use
d8a45b34-4cc0-42f4-957d-e13b37e9182e,Anthropogenic Biomes of the World,land_cover
d8a45b34-4cc0-42f4-957d-e13b37e9182e,Anthropogenic Biomes of the World,land_classification
d8a45b34-4cc0-42f4-957d-e13b37e9182e,Anthropogenic Biomes of the World,biome
5be16fea-5b1a-4daf-a9e9-9dc1f6ea6d4e,Global water stress,global
5be16fea-5b1a-4daf-a9e9-9dc1f6ea6d4e,Global water stress,all_crops
5be16fea-5b1a-4daf-a9e9-9dc1f6ea6d4e,Global water stress,global,all_crops
ede84747-0116-45c2-accb-1dfe141c00ff,Projected Water stress,global
ede84747-0116-45c2-accb-1dfe141c00ff,Projected Water stress,raster
ede84747-0116-45c2-accb-1dfe141c00ff,Projected Water stress,geospatial
ede84747-0116-45c2-accb-1dfe141c00ff,Projected Water stress,projection
ede84747-0116-45c2-accb-1dfe141c00ff,Projected Water stress,explore
ede84747-0116-45c2-accb-1dfe141c00ff,Projected Water stress,water
ede84747-0116-45c2-accb-1dfe141c00ff,Projected Water stress,water_stress
ede84747-0116-45c2-accb-1dfe141c00ff,Projected Water stress,water_scarcity
9e9a5c50-b825-4f12-838f-1650943c2be1,FAO AQUASTAT Water Institutions,global
9e9a5c50-b825-4f12-838f-1650943c2be1,FAO AQUASTAT Water Institutions,geospatial
9e9a5c50-b825-4f12-838f-1650943c2be1,FAO AQUASTAT Water Institutions,annual
9e9a5c50-b825-4f12-838f-1650943c2be1,FAO AQUASTAT Water Institutions,explore
9e9a5c50-b825-4f12-838f-1650943c2be1,FAO AQUASTAT Water Institutions,water
5903f1d7-2240-4591-b970-33b32fe3be54,Baseline Water Stress,global
5903f1d7-2240-4591-b970-33b32fe3be54,Baseline Water Stress,raster
5903f1d7-2240-4591-b970-33b32fe3be54,Baseline Water Stress,geospatial
5903f1d7-2240-4591-b970-33b32fe3be54,Baseline Water Stress,annual
5903f1d7-2240-4591-b970-33b32fe3be54,Baseline Water Stress,explore
5903f1d7-2240-4591-b970-33b32fe3be54,Baseline Water Stress,water
5903f1d7-2240-4591-b970-33b32fe3be54,Baseline Water Stress,water_stress
5903f1d7-2240-4591-b970-33b32fe3be54,Baseline Water Stress,water_scarcity
c57be9e2-52be-4077-81fd-fc4d7cfb53ef,Uncertainty Index,urban_expansion
c57be9e2-52be-4077-81fd-fc4d7cfb53ef,Uncertainty Index,city_extent
c57be9e2-52be-4077-81fd-fc4d7cfb53ef,Uncertainty Index,village
e8f5b4e8-454e-488d-8b4a-b60ad02bce36,Deforestation Alert System, SAD alerts (Imazon),tropic
e8f5b4e8-454e-488d-8b4a-b60ad02bce36,Deforestation Alert System, SAD alerts (Imazon),brazil
e8f5b4e8-454e-488d-8b4a-b60ad02bce36,Deforestation Alert System, SAD alerts (Imazon),raster
e8f5b4e8-454e-488d-8b4a-b60ad02bce36,Deforestation Alert System, SAD alerts (Imazon),geospatial
e8f5b4e8-454e-488d-8b4a-b60ad02bce36,Deforestation Alert System, SAD alerts (Imazon),monthly
e8f5b4e8-454e-488d-8b4a-b60ad02bce36,Deforestation Alert System, SAD alerts (Imazon),planet_pulse
e8f5b4e8-454e-488d-8b4a-b60ad02bce36,Deforestation Alert System, SAD alerts (Imazon),explore
e8f5b4e8-454e-488d-8b4a-b60ad02bce36,Deforestation Alert System, SAD alerts (Imazon),alert
e8f5b4e8-454e-488d-8b4a-b60ad02bce36,Deforestation Alert System, SAD alerts (Imazon),forest
e8f5b4e8-454e-488d-8b4a-b60ad02bce36,Deforestation Alert System, SAD alerts (Imazon),forest_loss
e8f5b4e8-454e-488d-8b4a-b60ad02bce36,Deforestation Alert System, SAD alerts (Imazon),deforestation
e8f5b4e8-454e-488d-8b4a-b60ad02bce36,Deforestation Alert System, SAD alerts (Imazon),degradation
93ee443e-cb39-424a-9aa4-1d16af813418,Alliance for Zero Extinction sites,global
93ee443e-cb39-424a-9aa4-1d16af813418,Alliance for Zero Extinction sites,raster
93ee443e-cb39-424a-9aa4-1d16af813418,Alliance for Zero Extinction sites,geospatial
93ee443e-cb39-424a-9aa4-1d16af813418,Alliance for Zero Extinction sites,biodiversity
93ee443e-cb39-424a-9aa4-1d16af813418,Alliance for Zero Extinction sites,species
93ee443e-cb39-424a-9aa4-1d16af813418,Alliance for Zero Extinction sites,habitat
93ee443e-cb39-424a-9aa4-1d16af813418,Alliance for Zero Extinction sites,endangered
93ee443e-cb39-424a-9aa4-1d16af813418,Alliance for Zero Extinction sites,explore
7d3465f8-5959-4531-aaf2-c9a8a03183b3,BirdLife Endemic Bird Areas,global
7d3465f8-5959-4531-aaf2-c9a8a03183b3,BirdLife Endemic Bird Areas,raster
7d3465f8-5959-4531-aaf2-c9a8a03183b3,BirdLife Endemic Bird Areas,geospatial
7d3465f8-5959-4531-aaf2-c9a8a03183b3,BirdLife Endemic Bird Areas,explore
7d3465f8-5959-4531-aaf2-c9a8a03183b3,BirdLife Endemic Bird Areas,biodiversity
7d3465f8-5959-4531-aaf2-c9a8a03183b3,BirdLife Endemic Bird Areas,species
7d3465f8-5959-4531-aaf2-c9a8a03183b3,BirdLife Endemic Bird Areas,habitat
7d3465f8-5959-4531-aaf2-c9a8a03183b3,BirdLife Endemic Bird Areas,endangered
16df8ada-87cc-4907-adce-a98bc4e91856,Climate impacts on global hotspots of marine biodiversity (biodiversity hotspots),global
16df8ada-87cc-4907-adce-a98bc4e91856,Climate impacts on global hotspots of marine biodiversity (biodiversity hotspots),raster
16df8ada-87cc-4907-adce-a98bc4e91856,Climate impacts on global hotspots of marine biodiversity (biodiversity hotspots),geospatial
16df8ada-87cc-4907-adce-a98bc4e91856,Climate impacts on global hotspots of marine biodiversity (biodiversity hotspots),explore
16df8ada-87cc-4907-adce-a98bc4e91856,Climate impacts on global hotspots of marine biodiversity (biodiversity hotspots),biodiversity
16df8ada-87cc-4907-adce-a98bc4e91856,Climate impacts on global hotspots of marine biodiversity (biodiversity hotspots),species
16df8ada-87cc-4907-adce-a98bc4e91856,Climate impacts on global hotspots of marine biodiversity (biodiversity hotspots),habitat
21ac3cd2-9c19-47c7-ad18-4bcad118870f,Natural Resource Protection and Child Health Indicators.,global
21ac3cd2-9c19-47c7-ad18-4bcad118870f,Natural Resource Protection and Child Health Indicators.,vector
21ac3cd2-9c19-47c7-ad18-4bcad118870f,Natural Resource Protection and Child Health Indicators.,geospatial
21ac3cd2-9c19-47c7-ad18-4bcad118870f,Natural Resource Protection and Child Health Indicators.,national
21ac3cd2-9c19-47c7-ad18-4bcad118870f,Natural Resource Protection and Child Health Indicators.,explore
21ac3cd2-9c19-47c7-ad18-4bcad118870f,Natural Resource Protection and Child Health Indicators.,society
21ac3cd2-9c19-47c7-ad18-4bcad118870f,Natural Resource Protection and Child Health Indicators.,people
21ac3cd2-9c19-47c7-ad18-4bcad118870f,Natural Resource Protection and Child Health Indicators.,health
21ac3cd2-9c19-47c7-ad18-4bcad118870f,Natural Resource Protection and Child Health Indicators.,water
21ac3cd2-9c19-47c7-ad18-4bcad118870f,Natural Resource Protection and Child Health Indicators.,sanitation
21ac3cd2-9c19-47c7-ad18-4bcad118870f,Natural Resource Protection and Child Health Indicators.,mortality
21ac3cd2-9c19-47c7-ad18-4bcad118870f,Natural Resource Protection and Child Health Indicators.,protected_area
21ac3cd2-9c19-47c7-ad18-4bcad118870f,Natural Resource Protection and Child Health Indicators.,park
21ac3cd2-9c19-47c7-ad18-4bcad118870f,Natural Resource Protection and Child Health Indicators.,protected_area
